{"cameraMode":{"drawMode":0,"name":"Shaded","section":"Shading Mode"},"sceneLighting":true,"audioPlay":false,"sceneViewState":{"showFog":true,"showMaterialUpdate":false,"showSkybox":true,"showFlares":true,"showImageEffects":true,"showParticleSystems":true},"in2DMode":false,"pivot":{"x":11.47344970703125,"y":2.05476713180542,"z":-0.20487621426582337},"rotation":{"x":0.4526103436946869,"y":0.06529919058084488,"z":0.03305290266871452,"w":-0.8887952566146851},"size":0.5117529630661011,"orthographic":false}