{"cameraMode":{"drawMode":0,"name":"Shaded","section":"Shading Mode"},"sceneLighting":true,"audioPlay":false,"sceneViewState":{"showFog":true,"showMaterialUpdate":false,"showSkybox":true,"showFlares":true,"showImageEffects":true,"showParticleSystems":true},"in2DMode":false,"pivot":{"x":18.64502716064453,"y":-0.9069501757621765,"z":-7.229198455810547},"rotation":{"x":0.1242702528834343,"y":0.7740290760993958,"z":-0.16001935303211213,"w":0.6000015735626221},"size":3.7715914249420168,"orthographic":false}