{"cameraMode":{"drawMode":0,"name":"Shaded","section":"Shading Mode"},"sceneLighting":true,"audioPlay":false,"sceneViewState":{"showFog":true,"showMaterialUpdate":false,"showSkybox":true,"showFlares":true,"showImageEffects":true,"showParticleSystems":true},"in2DMode":false,"pivot":{"x":16.554283142089845,"y":1.096488356590271,"z":-6.8676958084106449},"rotation":{"x":0.056606996804475787,"y":0.7893183827400208,"z":-0.07361903041601181,"w":0.6069219708442688},"size":2.08992075920105,"orthographic":false}